{
  "baseline": {
    "config": {
      "has_groupbuy": false,
      "num_residents": 50,
      "description": "传统零售模式（无团长协调）"
    },
    "operational_metrics": {
      "total_days": 90,
      "avg_daily_demand": 3.0528878186132733,
      "avg_daily_spoilage": 744.216229412106,
      "total_revenue": 124459.65322739168,
      "final_complexity": {
        "entropy": 0.07314902210565229,
        "network_density": 0.03770739064856712,
        "cv": 0.5338640704902643,
        "hurst_exponent": 0.4306407541623827,
        "lyapunov_estimate": 0.24528529829291684
      },
      "complexity_trend": {
        "entropy": -0.4304622400995751,
        "network_density": 0.0,
        "cv": 0.13336465476613824
      }
    },
    "stability_analysis": {
      "lyapunov_exponent": -0.0011386860066061862,
      "resilience_index": 0.8318948561109741,
      "adaptability_score": 0.6292134831460674,
      "volatility": 0.2616531688392067,
      "recovery_time": 3.4375
    },
    "complexity_trends": {
      "entropy": {
        "early_mean": 0.508379934443888,
        "late_mean": 0.07791769434431287,
        "trend": -0.4304622400995751,
        "trend_percentage": -0.8467333404306244
      },
      "network_density": {
        "early_mean": 0.03770739064856711,
        "late_mean": 0.03770739064856711,
        "trend": 0.0,
        "trend_percentage": 0.0
      },
      "cv": {
        "early_mean": 0.3976110887716967,
        "late_mean": 0.5309757435378349,
        "trend": 0.13336465476613824,
        "trend_percentage": 0.33541482753443663
      },
      "hurst_exponent": {
        "early_mean": 0.5,
        "late_mean": 0.45655457412399497,
        "trend": -0.04344542587600503,
        "trend_percentage": -0.08689085175201006
      }
    }
  },
  "with_groupbuy": {
    "config": {
      "has_groupbuy": true,
      "num_residents": 50,
      "description": "社区团购模式（有团长协调）"
    },
    "operational_metrics": {
      "total_days": 90,
      "avg_daily_demand": 0.4001188883827512,
      "avg_daily_spoilage": 749.9896695362726,
      "total_revenue": 16958.589644037336,
      "final_complexity": {
        "entropy": 0.07440341637332894,
        "network_density": 0.07616892911010557,
        "cv": 0.53642098942419,
        "hurst_exponent": 0.5616864291008167,
        "lyapunov_estimate": 0.24867091910857422
      },
      "complexity_trend": {
        "entropy": -0.43569758421967664,
        "network_density": 0.0,
        "cv": 0.13039860552926058
      }
    },
    "stability_analysis": {
      "lyapunov_exponent": 0.005992591718249732,
      "resilience_index": 0.7798515591626964,
      "adaptability_score": 0.6179775280898876,
      "volatility": 0.963372936005923,
      "recovery_time": 5.75
    },
    "complexity_trends": {
      "entropy": {
        "early_mean": 0.5128318744626735,
        "late_mean": 0.07713429024299692,
        "trend": -0.43569758421967664,
        "trend_percentage": -0.8495914663576335
      },
      "network_density": {
        "early_mean": 0.07616892911010556,
        "late_mean": 0.07616892911010556,
        "trend": 0.0,
        "trend_percentage": 0.0
      },
      "cv": {
        "early_mean": 0.40458947098756887,
        "late_mean": 0.5349880765168294,
        "trend": 0.13039860552926058,
        "trend_percentage": 0.3222985640505388
      },
      "hurst_exponent": {
        "early_mean": 0.5,
        "late_mean": 0.5694735723462242,
        "trend": 0.0694735723462242,
        "trend_percentage": 0.1389471446924484
      }
    }
  },
  "high_complexity": {
    "config": {
      "has_groupbuy": true,
      "num_residents": 100,
      "description": "高复杂度环境测试"
    },
    "operational_metrics": {
      "total_days": 90,
      "avg_daily_demand": 1.951611953031174,
      "avg_daily_spoilage": 747.9198330541043,
      "total_revenue": 371962.3562020345,
      "final_complexity": {
        "entropy": 0.07304053658357693,
        "network_density": 0.039021549213744906,
        "cv": 0.5459647076525964,
        "hurst_exponent": 0.16606811841935326,
        "lyapunov_estimate": 0.24727085975399898
      },
      "complexity_trend": {
        "entropy": -0.43820759096730233,
        "network_density": 0.0,
        "cv": 0.14594344123142788
      }
    },
    "stability_analysis": {
      "lyapunov_exponent": 0.008487624558215709,
      "resilience_index": 0.811337385386136,
      "adaptability_score": 0.6292134831460674,
      "volatility": 0.36674996930949927,
      "recovery_time": 4.375
    },
    "complexity_trends": {
      "entropy": {
        "early_mean": 0.514988192112919,
        "late_mean": 0.07678060114561672,
        "trend": -0.43820759096730233,
        "trend_percentage": -0.850908035715154
      },
      "network_density": {
        "early_mean": 0.039021549213744906,
        "late_mean": 0.039021549213744906,
        "trend": 0.0,
        "trend_percentage": 0.0
      },
      "cv": {
        "early_mean": 0.3981324832939116,
        "late_mean": 0.5440759245253395,
        "trend": 0.14594344123142788,
        "trend_percentage": 0.3665700422733121
      },
      "hurst_exponent": {
        "early_mean": 0.5,
        "late_mean": 0.15435130430725136,
        "trend": -0.34564869569274864,
        "trend_percentage": -0.6912973913854973
      }
    }
  }
}