Experiment,Average Sales,Final Trust,Final Subsidy
Low Trust,39.86666666666667,1.0,0.6439162918288116
High Trust,43.733333333333334,1.0,0.6439162918288116
Many Leaders,49.93333333333333,1.0,0.6439162918288116
Low Subsidy,41.0,1.0,0.2146387639429372
High Sensitivity,28.666666666666668,1.0,0.6439162918288116
