Experiment,Average Sales,Final Trust,Final Subsidy
Low Trust,73.2,0.999991509242514,0.6439162918288116
High Trust,82.63333333333334,0.9999994185220764,0.6439162918288116
Many Leaders,185.4,0.9999999999998408,0.6439162918288116
Low Subsidy,78.36666666666666,0.9999984654043803,0.2146387639429372
High Sensitivity,51.93333333333333,0.9999132576108627,0.6439162918288116
