Diffusion Rate,Final Avg Trust
0.02,0.7542073492071935
0.05,0.8364076220322616
0.1,0.8845903988905044
0.2,0.941540453947346
